{
  "extraction_date": "2025-10-11 22:06:12",
  "total_builds": 48,
  "elapsed_time_seconds": 648.2627689838409,
  "results": [
    {
      "full_version": "120.0.6099.0",
      "status": "skipped",
      "output_file": "D:\\dev\\git\\local-packet-coupang\\tls_configs\\120.0.6099.0.json"
    },
    {
      "full_version": "120.0.6099.109",
      "status": "skipped",
      "output_file": "D:\\dev\\git\\local-packet-coupang\\tls_configs\\120.0.6099.109.json"
    },
    {
      "full_version": "121.0.6167.0",
      "status": "success",
      "output_file": "D:\\dev\\git\\local-packet-coupang\\tls_configs\\121.0.6167.0.json",
      "ja3_hash": "9d0c171660d8f7f72811b1b5dbb95d9e",
      "tls_version": "TLS 1.3"
    },
    {
      "full_version": "121.0.6167.184",
      "status": "success",
      "output_file": "D:\\dev\\git\\local-packet-coupang\\tls_configs\\121.0.6167.184.json",
      "ja3_hash": "633ad5cd6fe290a8c1c7393b927ec684",
      "tls_version": "TLS 1.3"
    },
    {
      "full_version": "122.0.6261.0",
      "status": "success",
      "output_file": "D:\\dev\\git\\local-packet-coupang\\tls_configs\\122.0.6261.0.json",
      "ja3_hash": "b91b5f0a76945a84a329078efc3e2874",
      "tls_version": "TLS 1.3"
    },
    {
      "full_version": "122.0.6261.128",
      "status": "success",
      "output_file": "D:\\dev\\git\\local-packet-coupang\\tls_configs\\122.0.6261.128.json",
      "ja3_hash": "bc534ac13775e458ef18989454ea9905",
      "tls_version": "TLS 1.3"
    },
    {
      "full_version": "123.0.6312.0",
      "status": "success",
      "output_file": "D:\\dev\\git\\local-packet-coupang\\tls_configs\\123.0.6312.0.json",
      "ja3_hash": "bc3e2f5fd7999bcc6b9ac13fb2daf7fd",
      "tls_version": "TLS 1.3"
    },
    {
      "full_version": "123.0.6312.122",
      "status": "success",
      "output_file": "D:\\dev\\git\\local-packet-coupang\\tls_configs\\123.0.6312.122.json",
      "ja3_hash": "00525f6e9c391896002cfd5d56236e7c",
      "tls_version": "TLS 1.3"
    },
    {
      "full_version": "124.0.6367.0",
      "status": "success",
      "output_file": "D:\\dev\\git\\local-packet-coupang\\tls_configs\\124.0.6367.0.json",
      "ja3_hash": "055cc40f114a34ceed43476e1f32921e",
      "tls_version": "TLS 1.3"
    },
    {
      "full_version": "124.0.6367.207",
      "status": "success",
      "output_file": "D:\\dev\\git\\local-packet-coupang\\tls_configs\\124.0.6367.207.json",
      "ja3_hash": "e05ef9829c62a95bf41e6f42c794ede6",
      "tls_version": "TLS 1.3"
    },
    {
      "full_version": "125.0.6422.0",
      "status": "success",
      "output_file": "D:\\dev\\git\\local-packet-coupang\\tls_configs\\125.0.6422.0.json",
      "ja3_hash": "4d28b1f50a028ae24ebfc31fe6583410",
      "tls_version": "TLS 1.3"
    },
    {
      "full_version": "125.0.6422.141",
      "status": "success",
      "output_file": "D:\\dev\\git\\local-packet-coupang\\tls_configs\\125.0.6422.141.json",
      "ja3_hash": "751034c70634824397a87c44795ffbf4",
      "tls_version": "TLS 1.3"
    },
    {
      "full_version": "125.0.6422.176",
      "status": "success",
      "output_file": "D:\\dev\\git\\local-packet-coupang\\tls_configs\\125.0.6422.176.json",
      "ja3_hash": "1da14abc9450e0919e60273d77f249fe",
      "tls_version": "TLS 1.3"
    },
    {
      "full_version": "126.0.6478.0",
      "status": "success",
      "output_file": "D:\\dev\\git\\local-packet-coupang\\tls_configs\\126.0.6478.0.json",
      "ja3_hash": "057e9ea5a6c420346fe2f0e861429e54",
      "tls_version": "TLS 1.3"
    },
    {
      "full_version": "126.0.6478.182",
      "status": "success",
      "output_file": "D:\\dev\\git\\local-packet-coupang\\tls_configs\\126.0.6478.182.json",
      "ja3_hash": "76f9ba810cf2fb7af686a287b550319c",
      "tls_version": "TLS 1.3"
    },
    {
      "full_version": "127.0.6533.0",
      "status": "success",
      "output_file": "D:\\dev\\git\\local-packet-coupang\\tls_configs\\127.0.6533.0.json",
      "ja3_hash": "c7fac83307dfcd8e71dd51d884a4947f",
      "tls_version": "TLS 1.3"
    },
    {
      "full_version": "127.0.6533.119",
      "status": "success",
      "output_file": "D:\\dev\\git\\local-packet-coupang\\tls_configs\\127.0.6533.119.json",
      "ja3_hash": "cbf91ef812c584a85bed45f9a88577da",
      "tls_version": "TLS 1.3"
    },
    {
      "full_version": "128.0.6613.0",
      "status": "success",
      "output_file": "D:\\dev\\git\\local-packet-coupang\\tls_configs\\128.0.6613.0.json",
      "ja3_hash": "d58639873130aab62261fdeef106342c",
      "tls_version": "TLS 1.3"
    },
    {
      "full_version": "128.0.6613.137",
      "status": "success",
      "output_file": "D:\\dev\\git\\local-packet-coupang\\tls_configs\\128.0.6613.137.json",
      "ja3_hash": "363a4de60ad3db93260e28435e948b57",
      "tls_version": "TLS 1.3"
    },
    {
      "full_version": "129.0.6668.0",
      "status": "success",
      "output_file": "D:\\dev\\git\\local-packet-coupang\\tls_configs\\129.0.6668.0.json",
      "ja3_hash": "45839558f9ae4dec12e5b75bb85f34ad",
      "tls_version": "TLS 1.3"
    },
    {
      "full_version": "129.0.6668.100",
      "status": "success",
      "output_file": "D:\\dev\\git\\local-packet-coupang\\tls_configs\\129.0.6668.100.json",
      "ja3_hash": "38c84cc6bfd256283c06a48a35a65209",
      "tls_version": "TLS 1.3"
    },
    {
      "full_version": "130.0.6723.0",
      "status": "success",
      "output_file": "D:\\dev\\git\\local-packet-coupang\\tls_configs\\130.0.6723.0.json",
      "ja3_hash": "8cce4fc90bc8aa22a6e862495a672500",
      "tls_version": "TLS 1.3"
    },
    {
      "full_version": "130.0.6723.116",
      "status": "success",
      "output_file": "D:\\dev\\git\\local-packet-coupang\\tls_configs\\130.0.6723.116.json",
      "ja3_hash": "df74cbbd4062f66716a93da171798f8b",
      "tls_version": "TLS 1.3"
    },
    {
      "full_version": "131.0.6778.0",
      "status": "success",
      "output_file": "D:\\dev\\git\\local-packet-coupang\\tls_configs\\131.0.6778.0.json",
      "ja3_hash": "0ae31b2b943859d2837aebda37ae8e91",
      "tls_version": "TLS 1.3"
    },
    {
      "full_version": "131.0.6778.108",
      "status": "success",
      "output_file": "D:\\dev\\git\\local-packet-coupang\\tls_configs\\131.0.6778.108.json",
      "ja3_hash": "cbb7254d23e82d2c131877309f24609a",
      "tls_version": "TLS 1.3"
    },
    {
      "full_version": "131.0.6778.264",
      "status": "success",
      "output_file": "D:\\dev\\git\\local-packet-coupang\\tls_configs\\131.0.6778.264.json",
      "ja3_hash": "d337fb7b1cc053bb84d07aa53cd6c9c8",
      "tls_version": "TLS 1.3"
    },
    {
      "full_version": "132.0.6834.0",
      "status": "success",
      "output_file": "D:\\dev\\git\\local-packet-coupang\\tls_configs\\132.0.6834.0.json",
      "ja3_hash": "1e8d8fb36870a32ca83adb1dc00aaef8",
      "tls_version": "TLS 1.3"
    },
    {
      "full_version": "132.0.6834.110",
      "status": "success",
      "output_file": "D:\\dev\\git\\local-packet-coupang\\tls_configs\\132.0.6834.110.json",
      "ja3_hash": "ff9e5ae364c9816e48d002503b4ae540",
      "tls_version": "TLS 1.3"
    },
    {
      "full_version": "132.0.6834.159",
      "status": "success",
      "output_file": "D:\\dev\\git\\local-packet-coupang\\tls_configs\\132.0.6834.159.json",
      "ja3_hash": "d7df2d1ffa9064f651ecf7fbb812344c",
      "tls_version": "TLS 1.3"
    },
    {
      "full_version": "133.0.6943.0",
      "status": "success",
      "output_file": "D:\\dev\\git\\local-packet-coupang\\tls_configs\\133.0.6943.0.json",
      "ja3_hash": "de33366a0b77b72ab376e7afd2175306",
      "tls_version": "TLS 1.3"
    },
    {
      "full_version": "133.0.6943.141",
      "status": "success",
      "output_file": "D:\\dev\\git\\local-packet-coupang\\tls_configs\\133.0.6943.141.json",
      "ja3_hash": "3cac77074354f40b1bfbcd42acb077ec",
      "tls_version": "TLS 1.3"
    },
    {
      "full_version": "134.0.6998.0",
      "status": "success",
      "output_file": "D:\\dev\\git\\local-packet-coupang\\tls_configs\\134.0.6998.0.json",
      "ja3_hash": "13156f3089aafe8dde0d951b1e827eba",
      "tls_version": "TLS 1.3"
    },
    {
      "full_version": "134.0.6998.112",
      "status": "success",
      "output_file": "D:\\dev\\git\\local-packet-coupang\\tls_configs\\134.0.6998.112.json",
      "ja3_hash": "5be52253b59cb7c3322b3b440759f751",
      "tls_version": "TLS 1.3"
    },
    {
      "full_version": "134.0.6998.165",
      "status": "success",
      "output_file": "D:\\dev\\git\\local-packet-coupang\\tls_configs\\134.0.6998.165.json",
      "ja3_hash": "cb8c7ef531bbd02e5d3c4d69f4476d72",
      "tls_version": "TLS 1.3"
    },
    {
      "full_version": "135.0.7049.0",
      "status": "success",
      "output_file": "D:\\dev\\git\\local-packet-coupang\\tls_configs\\135.0.7049.0.json",
      "ja3_hash": "35f6a35de6c6ba1821a60cecb6994012",
      "tls_version": "TLS 1.3"
    },
    {
      "full_version": "135.0.7049.114",
      "status": "success",
      "output_file": "D:\\dev\\git\\local-packet-coupang\\tls_configs\\135.0.7049.114.json",
      "ja3_hash": "180643eb78db0dbb74b1dd45d9390667",
      "tls_version": "TLS 1.3"
    },
    {
      "full_version": "136.0.7103.0",
      "status": "success",
      "output_file": "D:\\dev\\git\\local-packet-coupang\\tls_configs\\136.0.7103.0.json",
      "ja3_hash": "9b5fe08a31a532c713dee40b11706675",
      "tls_version": "TLS 1.3"
    },
    {
      "full_version": "136.0.7103.113",
      "status": "success",
      "output_file": "D:\\dev\\git\\local-packet-coupang\\tls_configs\\136.0.7103.113.json",
      "ja3_hash": "6ce99064fc25e66e0791be5e9cf5895c",
      "tls_version": "TLS 1.3"
    },
    {
      "full_version": "137.0.7151.0",
      "status": "success",
      "output_file": "D:\\dev\\git\\local-packet-coupang\\tls_configs\\137.0.7151.0.json",
      "ja3_hash": "b1e8a491512137c3f0b119ec740d3ef6",
      "tls_version": "TLS 1.3"
    },
    {
      "full_version": "137.0.7151.119",
      "status": "success",
      "output_file": "D:\\dev\\git\\local-packet-coupang\\tls_configs\\137.0.7151.119.json",
      "ja3_hash": "c78943165cc4ca858025d2eb4350278c",
      "tls_version": "TLS 1.3"
    },
    {
      "full_version": "138.0.7204.0",
      "status": "success",
      "output_file": "D:\\dev\\git\\local-packet-coupang\\tls_configs\\138.0.7204.0.json",
      "ja3_hash": "1fc5ab617c54b8feade5fd85d26a8c0d",
      "tls_version": "TLS 1.3"
    },
    {
      "full_version": "138.0.7204.183",
      "status": "success",
      "output_file": "D:\\dev\\git\\local-packet-coupang\\tls_configs\\138.0.7204.183.json",
      "ja3_hash": "fa62c081c91d2ef3af21610722f1cf1e",
      "tls_version": "TLS 1.3"
    },
    {
      "full_version": "139.0.7258.0",
      "status": "success",
      "output_file": "D:\\dev\\git\\local-packet-coupang\\tls_configs\\139.0.7258.0.json",
      "ja3_hash": "d3291e4226ec36b56307e1e45eda7019",
      "tls_version": "TLS 1.3"
    },
    {
      "full_version": "139.0.7258.154",
      "status": "success",
      "output_file": "D:\\dev\\git\\local-packet-coupang\\tls_configs\\139.0.7258.154.json",
      "ja3_hash": "1bb8455fb5b079317dc048965e303e99",
      "tls_version": "TLS 1.3"
    },
    {
      "full_version": "140.0.7330.0",
      "status": "success",
      "output_file": "D:\\dev\\git\\local-packet-coupang\\tls_configs\\140.0.7330.0.json",
      "ja3_hash": "febf48703c3dda2616c0c08598b52de0",
      "tls_version": "TLS 1.3"
    },
    {
      "full_version": "140.0.7339.207",
      "status": "success",
      "output_file": "D:\\dev\\git\\local-packet-coupang\\tls_configs\\140.0.7339.207.json",
      "ja3_hash": "051ec1158684e4f2a1a62896dc461798",
      "tls_version": "TLS 1.3"
    },
    {
      "full_version": "141.0.7383.0",
      "status": "success",
      "output_file": "D:\\dev\\git\\local-packet-coupang\\tls_configs\\141.0.7383.0.json",
      "ja3_hash": "e21dbe4ecfbc132a8dba04b3c7fa9348",
      "tls_version": "TLS 1.3"
    },
    {
      "full_version": "141.0.7390.76",
      "status": "success",
      "output_file": "D:\\dev\\git\\local-packet-coupang\\tls_configs\\141.0.7390.76.json",
      "ja3_hash": "7cbbe2101672f9d850abfab93870b50c",
      "tls_version": "TLS 1.3"
    }
  ]
}