{
  "extraction_date": "2025-10-11 22:12:07",
  "total_builds": 2,
  "elapsed_time_seconds": 23.670149087905884,
  "results": [
    {
      "full_version": "120.0.6099.0",
      "status": "success",
      "output_file": "D:\\dev\\git\\local-packet-coupang\\tls_configs\\120.0.6099.0.json",
      "ja3_hash": "4364056401fbccedddee37fffae1d01e",
      "tls_version": "TLS 1.3"
    },
    {
      "full_version": "120.0.6099.109",
      "status": "success",
      "output_file": "D:\\dev\\git\\local-packet-coupang\\tls_configs\\120.0.6099.109.json",
      "ja3_hash": "5446c314e37886828291cd99469371a5",
      "tls_version": "TLS 1.3"
    }
  ]
}